/home/john/software_debug/github/fault-localization-by-Comparing-Program-Coverage/xmlproc/xml/parsers/xmlproc/xmlproc.py:373	3.000000
/home/john/software_debug/github/fault-localization-by-Comparing-Program-Coverage/xmlproc/xml/parsers/xmlproc/xmlproc.py:106	3.000000
/home/john/software_debug/github/fault-localization-by-Comparing-Program-Coverage/xmlproc/xml/parsers/xmlproc/xmlproc.py:159	2.050000
/home/john/software_debug/github/fault-localization-by-Comparing-Program-Coverage/xmlproc/xml/parsers/xmlproc/xmlutils.py:437	2.050000
/home/john/software_debug/github/fault-localization-by-Comparing-Program-Coverage/xmlproc/xml/parsers/xmlproc/xmlapp.py:65	2.050000
/home/john/software_debug/github/fault-localization-by-Comparing-Program-Coverage/xmlproc/xml/parsers/xmlproc/xmlutils.py:284	2.050000
/home/john/software_debug/github/fault-localization-by-Comparing-Program-Coverage/xmlproc/xml/parsers/xmlproc/xmlutils.py:71	2.050000
/home/john/software_debug/github/fault-localization-by-Comparing-Program-Coverage/xmlproc/xml/parsers/xmlproc/xmlproc.py:73	2.050000
/home/john/software_debug/github/fault-localization-by-Comparing-Program-Coverage/xmlproc/xml/parsers/xmlproc/xmlutils.py:145	2.050000
/home/john/software_debug/github/fault-localization-by-Comparing-Program-Coverage/xmlproc/xml/parsers/xmlproc/xmldtd.py:123	2.050000
/home/john/software_debug/github/fault-localization-by-Comparing-Program-Coverage/xmlproc/xml/parsers/xmlproc/xmlutils.py:32	2.050000
/home/john/software_debug/github/fault-localization-by-Comparing-Program-Coverage/xmlproc/xml/parsers/xmlproc/xmlproc.py:209	2.050000
/home/john/software_debug/github/fault-localization-by-Comparing-Program-Coverage/xmlproc/xml/parsers/xmlproc/xmlproc.py:481	2.050000
/home/john/software_debug/github/fault-localization-by-Comparing-Program-Coverage/xmlproc/xml/parsers/xmlproc/xmlproc.py:330	2.050000
/home/john/software_debug/github/fault-localization-by-Comparing-Program-Coverage/xmlproc/xml/parsers/xmlproc/xmlutils.py:336	2.050000
/home/john/software_debug/github/fault-localization-by-Comparing-Program-Coverage/xmlproc/xml/parsers/xmlproc/xmlutils.py:134	2.050000
/home/john/software_debug/github/fault-localization-by-Comparing-Program-Coverage/xmlproc/xml/parsers/xmlproc/xmlutils.py:623	2.050000
/home/john/software_debug/github/fault-localization-by-Comparing-Program-Coverage/xmlproc/outputters.py:61	2.050000
/home/john/software_debug/github/fault-localization-by-Comparing-Program-Coverage/xmlproc/xml/parsers/xmlproc/xmlutils.py:161	2.050000
/home/john/software_debug/github/fault-localization-by-Comparing-Program-Coverage/xmlproc/xml/parsers/xmlproc/xmlproc.py:196	2.050000
/home/john/software_debug/github/fault-localization-by-Comparing-Program-Coverage/xmlproc/xml/parsers/xmlproc/xmlapp.py:33	2.050000
/home/john/software_debug/github/fault-localization-by-Comparing-Program-Coverage/xmlproc/xml/parsers/xmlproc/xmlproc.py:96	2.050000
/home/john/software_debug/github/fault-localization-by-Comparing-Program-Coverage/xmlproc/xml/parsers/xmlproc/xmlproc.py:489	2.050000
/home/john/software_debug/github/fault-localization-by-Comparing-Program-Coverage/xmlproc/xml/parsers/xmlproc/xmlutils.py:243	2.050000
/home/john/software_debug/github/fault-localization-by-Comparing-Program-Coverage/xmlproc/xml/parsers/xmlproc/xmlutils.py:395	2.050000
/home/john/software_debug/github/fault-localization-by-Comparing-Program-Coverage/xmlproc/xml/parsers/xmlproc/xmlproc.py:91	2.050000
/home/john/software_debug/github/fault-localization-by-Comparing-Program-Coverage/xmlproc/xml/parsers/xmlproc/xmldtd.py:33	2.050000
/home/john/software_debug/github/fault-localization-by-Comparing-Program-Coverage/xmlproc/outputters.py:23	2.050000
/home/john/software_debug/github/fault-localization-by-Comparing-Program-Coverage/xmlproc/xml/parsers/xmlproc/xmlutils.py:293	2.050000
/home/john/software_debug/github/fault-localization-by-Comparing-Program-Coverage/xmlproc/xml/parsers/xmlproc/xmlutils.py:561	2.050000
/home/john/software_debug/github/fault-localization-by-Comparing-Program-Coverage/xmlproc/xml/parsers/xmlproc/xmlutils.py:355	2.050000
/home/john/software_debug/github/fault-localization-by-Comparing-Program-Coverage/xmlproc/xml/parsers/xmlproc/xmlutils.py:169	2.050000
/home/john/software_debug/github/fault-localization-by-Comparing-Program-Coverage/xmlproc/xml/parsers/xmlproc/xmlutils.py:258	2.050000
/home/john/software_debug/github/fault-localization-by-Comparing-Program-Coverage/xmlproc/xml/parsers/xmlproc/xmlutils.py:324	2.050000
/home/john/software_debug/github/fault-localization-by-Comparing-Program-Coverage/xmlproc/xml/parsers/xmlproc/xmlproc.py:497	2.050000
/home/john/software_debug/github/fault-localization-by-Comparing-Program-Coverage/xmlproc/xml/parsers/xmlproc/xmlproc.py:339	2.050000
/home/john/software_debug/github/fault-localization-by-Comparing-Program-Coverage/xmlproc/xml/parsers/xmlproc/xmlproc.py:33	2.050000
/home/john/software_debug/github/fault-localization-by-Comparing-Program-Coverage/xmlproc/xml/parsers/xmlproc/xmlutils.py:444	2.050000
/home/john/software_debug/github/fault-localization-by-Comparing-Program-Coverage/xmlproc/xml/parsers/xmlproc/xmlproc.py:224	2.050000
/home/john/software_debug/github/fault-localization-by-Comparing-Program-Coverage/xmlproc/xml/parsers/xmlproc/xmlutils.py:185	2.050000
/home/john/software_debug/github/fault-localization-by-Comparing-Program-Coverage/xmlproc/xml/parsers/xmlproc/xmlproc.py:191	2.050000
/home/john/software_debug/github/fault-localization-by-Comparing-Program-Coverage/xmlproc/xml/parsers/xmlproc/xmlapp.py:67	2.050000
/home/john/software_debug/github/fault-localization-by-Comparing-Program-Coverage/xmlproc/xml/parsers/xmlproc/xmlutils.py:569	2.050000
/home/john/software_debug/github/fault-localization-by-Comparing-Program-Coverage/xmlproc/xml/parsers/xmlproc/xmlutils.py:177	2.050000
/home/john/software_debug/github/fault-localization-by-Comparing-Program-Coverage/xmlproc/xml/parsers/xmlproc/xmlproc.py:112	2.050000
/home/john/software_debug/github/fault-localization-by-Comparing-Program-Coverage/xmlproc/xml/parsers/xmlproc/xmlutils.py:504	2.050000
/home/john/software_debug/github/fault-localization-by-Comparing-Program-Coverage/xmlproc/xml/parsers/xmlproc/xmlutils.py:30	2.050000
/home/john/software_debug/github/fault-localization-by-Comparing-Program-Coverage/xmlproc/xml/parsers/xmlproc/xmlutils.py:485	2.050000
/home/john/software_debug/github/fault-localization-by-Comparing-Program-Coverage/xmlproc/xml/parsers/xmlproc/xmlutils.py:283	2.050000
/home/john/software_debug/github/fault-localization-by-Comparing-Program-Coverage/xmlproc/xml/parsers/xmlproc/xmlproc.py:513	2.050000
/home/john/software_debug/github/fault-localization-by-Comparing-Program-Coverage/xmlproc/xml/parsers/xmlproc/xmlutils.py:70	2.050000
/home/john/software_debug/github/fault-localization-by-Comparing-Program-Coverage/xmlproc/xml/parsers/xmlproc/xmlproc.py:132	2.050000
/home/john/software_debug/github/fault-localization-by-Comparing-Program-Coverage/xmlproc/xml/parsers/xmlproc/xmldtd.py:88	2.050000
/home/john/software_debug/github/fault-localization-by-Comparing-Program-Coverage/xmlproc/xml/parsers/xmlproc/xmlproc.py:72	2.050000
/home/john/software_debug/github/fault-localization-by-Comparing-Program-Coverage/xmlproc/xml/parsers/xmlproc/xmlutils.py:144	2.050000
/home/john/software_debug/github/fault-localization-by-Comparing-Program-Coverage/xmlproc/xml/parsers/xmlproc/xmlproc.py:150	2.050000
/home/john/software_debug/github/fault-localization-by-Comparing-Program-Coverage/xmlproc/xml/parsers/xmlproc/xmldtd.py:122	2.050000
/home/john/software_debug/github/fault-localization-by-Comparing-Program-Coverage/xmlproc/xml/parsers/xmlproc/xmlutils.py:428	2.050000
/home/john/software_debug/github/fault-localization-by-Comparing-Program-Coverage/xmlproc/xml/parsers/xmlproc/xmlproc.py:208	2.050000
/home/john/software_debug/github/fault-localization-by-Comparing-Program-Coverage/xmlproc/xml/parsers/xmlproc/xmlutils.py:520	2.050000
/home/john/software_debug/github/fault-localization-by-Comparing-Program-Coverage/xmlproc/xml/parsers/xmlproc/xmlproc.py:105	2.050000
/home/john/software_debug/github/fault-localization-by-Comparing-Program-Coverage/xmlproc/xml/parsers/xmlproc/xmlproc.py:486	2.050000
/home/john/software_debug/github/fault-localization-by-Comparing-Program-Coverage/xmlproc/xml/parsers/xmlproc/xmlutils.py:396	2.050000
/home/john/software_debug/github/fault-localization-by-Comparing-Program-Coverage/xmlproc/xml/parsers/xmlproc/xmlproc.py:48	2.050000
/home/john/software_debug/github/fault-localization-by-Comparing-Program-Coverage/xmlproc/xml/parsers/xmlproc/xmlutils.py:152	2.050000
/home/john/software_debug/github/fault-localization-by-Comparing-Program-Coverage/xmlproc/xml/parsers/xmlproc/xmlutils.py:133	2.050000
/home/john/software_debug/github/fault-localization-by-Comparing-Program-Coverage/xmlproc/xml/parsers/xmlproc/xmlutils.py:622	2.050000
/home/john/software_debug/github/fault-localization-by-Comparing-Program-Coverage/xmlproc/outputters.py:60	2.050000
/home/john/software_debug/github/fault-localization-by-Comparing-Program-Coverage/xmlproc/xml/parsers/xmlproc/xmlapp.py:63	2.050000
/home/john/software_debug/github/fault-localization-by-Comparing-Program-Coverage/xmlproc/outputters.py:26	2.050000
/home/john/software_debug/github/fault-localization-by-Comparing-Program-Coverage/xmlproc/xml/parsers/xmlproc/xmlproc.py:97	2.050000
/home/john/software_debug/github/fault-localization-by-Comparing-Program-Coverage/xmlproc/xml/parsers/xmlproc/xmlproc.py:270	2.050000
/home/john/software_debug/github/fault-localization-by-Comparing-Program-Coverage/xmlproc/xml/parsers/xmlproc/xmldtd.py:23	2.050000
/home/john/software_debug/github/fault-localization-by-Comparing-Program-Coverage/xmlproc/xml/parsers/xmlproc/xmlproc.py:39	2.050000
/home/john/software_debug/github/fault-localization-by-Comparing-Program-Coverage/xmlproc/xml/parsers/xmlproc/xmlproc.py:88	2.050000
/home/john/software_debug/github/fault-localization-by-Comparing-Program-Coverage/xmlproc/xml/parsers/xmlproc/xmlproc.py:362	2.050000
/home/john/software_debug/github/fault-localization-by-Comparing-Program-Coverage/xmlproc/xml/parsers/xmlproc/xmlutils.py:345	2.050000
/home/john/software_debug/github/fault-localization-by-Comparing-Program-Coverage/xmlproc/outputters.py:22	2.050000
/home/john/software_debug/github/fault-localization-by-Comparing-Program-Coverage/xmlproc/xml/parsers/xmlproc/xmlapp.py:31	2.050000
/home/john/software_debug/github/fault-localization-by-Comparing-Program-Coverage/xmlproc/xml/parsers/xmlproc/xmlutils.py:315	2.050000
/home/john/software_debug/github/fault-localization-by-Comparing-Program-Coverage/xmlproc/xml/parsers/xmlproc/xmlutils.py:352	2.050000
/home/john/software_debug/github/fault-localization-by-Comparing-Program-Coverage/xmlproc/xml/parsers/xmlproc/xmlutils.py:157	2.050000
/home/john/software_debug/github/fault-localization-by-Comparing-Program-Coverage/xmlproc/xml/parsers/xmlproc/xmlutils.py:475	2.050000
/home/john/software_debug/github/fault-localization-by-Comparing-Program-Coverage/xmlproc/xml/parsers/xmlproc/xmlapp.py:47	2.050000
/home/john/software_debug/github/fault-localization-by-Comparing-Program-Coverage/xmlproc/xml/parsers/xmlproc/xmlutils.py:257	2.050000
/home/john/software_debug/github/fault-localization-by-Comparing-Program-Coverage/xmlproc/xml/parsers/xmlproc/xmlutils.py:499	2.050000
/home/john/software_debug/github/fault-localization-by-Comparing-Program-Coverage/xmlproc/xml/parsers/xmlproc/xmlutils.py:325	2.050000
/home/john/software_debug/github/fault-localization-by-Comparing-Program-Coverage/xmlproc/xml/parsers/xmlproc/xmlutils.py:443	2.050000
/home/john/software_debug/github/fault-localization-by-Comparing-Program-Coverage/xmlproc/xml/parsers/xmlproc/xmlproc.py:473	2.050000
/home/john/software_debug/github/fault-localization-by-Comparing-Program-Coverage/xmlproc/xml/parsers/xmlproc/xmlutils.py:176	2.050000
/home/john/software_debug/github/fault-localization-by-Comparing-Program-Coverage/xmlproc/xml/parsers/xmlproc/xmlproc.py:71	2.050000
/home/john/software_debug/github/fault-localization-by-Comparing-Program-Coverage/xmlproc/xml/parsers/xmlproc/xmlproc.py:510	2.050000
/home/john/software_debug/github/fault-localization-by-Comparing-Program-Coverage/xmlproc/xml/parsers/xmlproc/xmlutils.py:29	2.050000
/home/john/software_debug/github/fault-localization-by-Comparing-Program-Coverage/xmlproc/xml/parsers/xmlproc/xmlproc.py:153	2.050000
/home/john/software_debug/github/fault-localization-by-Comparing-Program-Coverage/xmlproc/xml/parsers/xmlproc/xmlutils.py:435	2.050000
/home/john/software_debug/github/fault-localization-by-Comparing-Program-Coverage/xmlproc/xml/parsers/xmlproc/xmldtd.py:32	2.050000
/home/john/software_debug/github/fault-localization-by-Comparing-Program-Coverage/xmlproc/xml/parsers/xmlproc/xmlproc.py:182	2.050000
/home/john/software_debug/github/fault-localization-by-Comparing-Program-Coverage/xmlproc/xml/parsers/xmlproc/xmldtd.py:86	2.050000
/home/john/software_debug/github/fault-localization-by-Comparing-Program-Coverage/xmlproc/xml/parsers/xmlproc/xmlutils.py:558	2.050000
/home/john/software_debug/github/fault-localization-by-Comparing-Program-Coverage/xmlproc/xml/parsers/xmlproc/xmlutils.py:255	2.050000
/home/john/software_debug/github/fault-localization-by-Comparing-Program-Coverage/xmlproc/xml/parsers/xmlproc/xmlutils.py:329	2.050000
/home/john/software_debug/github/fault-localization-by-Comparing-Program-Coverage/xmlproc/xml/parsers/xmlproc/xmldtd.py:24	2.050000
/home/john/software_debug/github/fault-localization-by-Comparing-Program-Coverage/xmlproc/xml/parsers/xmlproc/xmlproc.py:134	2.050000
/home/john/software_debug/github/fault-localization-by-Comparing-Program-Coverage/xmlproc/xml/parsers/xmlproc/charconv.py:89	2.050000
/home/john/software_debug/github/fault-localization-by-Comparing-Program-Coverage/xmlproc/xml/parsers/xmlproc/xmlutils.py:483	2.050000
/home/john/software_debug/github/fault-localization-by-Comparing-Program-Coverage/xmlproc/xml/parsers/xmlproc/xmlutils.py:342	2.050000
/home/john/software_debug/github/fault-localization-by-Comparing-Program-Coverage/xmlproc/xml/parsers/xmlproc/xmlapp.py:26	2.050000
/home/john/software_debug/github/fault-localization-by-Comparing-Program-Coverage/xmlproc/xml/parsers/xmlproc/xmlapp.py:53	2.050000
/home/john/software_debug/github/fault-localization-by-Comparing-Program-Coverage/xmlproc/xml/parsers/xmlproc/xmlutils.py:77	2.050000
/home/john/software_debug/github/fault-localization-by-Comparing-Program-Coverage/xmlproc/xml/parsers/xmlproc/xmldtd.py:27	2.050000
/home/john/software_debug/github/fault-localization-by-Comparing-Program-Coverage/xmlproc/xml/parsers/xmlproc/xmlutils.py:155	2.050000
/home/john/software_debug/github/fault-localization-by-Comparing-Program-Coverage/xmlproc/xml/parsers/xmlproc/xmlutils.py:132	2.050000
/home/john/software_debug/github/fault-localization-by-Comparing-Program-Coverage/xmlproc/getcov.py:53	2.050000
/home/john/software_debug/github/fault-localization-by-Comparing-Program-Coverage/xmlproc/xml/parsers/xmlproc/xmlproc.py:169	2.050000
/home/john/software_debug/github/fault-localization-by-Comparing-Program-Coverage/xmlproc/xml/parsers/xmlproc/xmlproc.py:198	2.050000
/home/john/software_debug/github/fault-localization-by-Comparing-Program-Coverage/xmlproc/xml/parsers/xmlproc/xmlutils.py:466	2.050000
/home/john/software_debug/github/fault-localization-by-Comparing-Program-Coverage/xmlproc/xml/parsers/xmlproc/xmlproc.py:89	2.050000
/home/john/software_debug/github/fault-localization-by-Comparing-Program-Coverage/xmlproc/xml/parsers/xmlproc/xmlutils.py:450	2.050000
/home/john/software_debug/github/fault-localization-by-Comparing-Program-Coverage/xmlproc/xml/parsers/xmlproc/xmldtd.py:112	2.050000
/home/john/software_debug/github/fault-localization-by-Comparing-Program-Coverage/xmlproc/xml/parsers/xmlproc/xmlproc.py:161	2.050000
/home/john/software_debug/github/fault-localization-by-Comparing-Program-Coverage/xmlproc/outputters.py:21	2.050000
/home/john/software_debug/github/fault-localization-by-Comparing-Program-Coverage/xmlproc/xml/parsers/xmlproc/xmlutils.py:291	2.050000
/home/john/software_debug/github/fault-localization-by-Comparing-Program-Coverage/xmlproc/xml/parsers/xmlproc/xmlutils.py:316	2.050000
/home/john/software_debug/github/fault-localization-by-Comparing-Program-Coverage/xmlproc/xml/parsers/xmlproc/xmlproc.py:162	2.050000
/home/john/software_debug/github/fault-localization-by-Comparing-Program-Coverage/xmlproc/xml/parsers/xmlproc/xmlutils.py:171	2.050000
/home/john/software_debug/github/fault-localization-by-Comparing-Program-Coverage/xmlproc/xml/parsers/xmlproc/xmlutils.py:327	2.050000
/home/john/software_debug/github/fault-localization-by-Comparing-Program-Coverage/xmlproc/xml/parsers/xmlproc/xmlproc.py:372	2.050000
/home/john/software_debug/github/fault-localization-by-Comparing-Program-Coverage/xmlproc/xml/parsers/xmlproc/xmlproc.py:126	2.050000
/home/john/software_debug/github/fault-localization-by-Comparing-Program-Coverage/xmlproc/xml/parsers/xmlproc/xmlutils.py:498	2.050000
/home/john/software_debug/github/fault-localization-by-Comparing-Program-Coverage/xmlproc/xml/parsers/xmlproc/xmlproc.py:35	2.050000
/home/john/software_debug/github/fault-localization-by-Comparing-Program-Coverage/xmlproc/xml/parsers/xmlproc/xmlutils.py:442	2.050000
/home/john/software_debug/github/fault-localization-by-Comparing-Program-Coverage/xmlproc/xml/parsers/xmlproc/xmlproc.py:478	2.050000
/home/john/software_debug/github/fault-localization-by-Comparing-Program-Coverage/xmlproc/xml/parsers/xmlproc/xmlproc.py:222	2.050000
/home/john/software_debug/github/fault-localization-by-Comparing-Program-Coverage/xmlproc/xml/parsers/xmlproc/xmlproc.py:185	2.050000
/home/john/software_debug/github/fault-localization-by-Comparing-Program-Coverage/xmlproc/xml/parsers/xmlproc/xmlapp.py:223	2.050000
/home/john/software_debug/github/fault-localization-by-Comparing-Program-Coverage/xmlproc/xml/parsers/xmlproc/xmlutils.py:477	2.050000
/home/john/software_debug/github/fault-localization-by-Comparing-Program-Coverage/xmlproc/xml/parsers/xmlproc/xmlproc.py:387	2.050000
/home/john/software_debug/github/fault-localization-by-Comparing-Program-Coverage/xmlproc/xml/parsers/xmlproc/xmlutils.py:33	2.050000
/home/john/software_debug/github/fault-localization-by-Comparing-Program-Coverage/xmlproc/xml/parsers/xmlproc/xmlutils.py:506	2.050000
/home/john/software_debug/github/fault-localization-by-Comparing-Program-Coverage/xmlproc/xml/parsers/xmlproc/xmlutils.py:28	2.050000
/home/john/software_debug/github/fault-localization-by-Comparing-Program-Coverage/xmlproc/xml/parsers/xmlproc/xmlproc.py:152	2.050000
/home/john/software_debug/github/fault-localization-by-Comparing-Program-Coverage/xmlproc/xml/parsers/xmlproc/xmlapp.py:45	2.050000
/home/john/software_debug/github/fault-localization-by-Comparing-Program-Coverage/xmlproc/xml/parsers/xmlproc/xmlutils.py:434	2.050000
/home/john/software_debug/github/fault-localization-by-Comparing-Program-Coverage/xmlproc/xml/parsers/xmlproc/xmlutils.py:37	2.050000
/home/john/software_debug/github/fault-localization-by-Comparing-Program-Coverage/xmlproc/xml/parsers/xmlproc/xmlapp.py:29	2.050000
/home/john/software_debug/github/fault-localization-by-Comparing-Program-Coverage/xmlproc/xml/parsers/xmlproc/xmlutils.py:514	2.050000
/home/john/software_debug/github/fault-localization-by-Comparing-Program-Coverage/xmlproc/xml/parsers/xmlproc/xmldtd.py:89	2.050000
/home/john/software_debug/github/fault-localization-by-Comparing-Program-Coverage/xmlproc/xml/parsers/xmlproc/xmlutils.py:555	2.050000
/home/john/software_debug/github/fault-localization-by-Comparing-Program-Coverage/xmlproc/xml/parsers/xmlproc/xmldtd.py:25	2.050000
/home/john/software_debug/github/fault-localization-by-Comparing-Program-Coverage/xmlproc/xml/parsers/xmlproc/charconv.py:90	2.050000
/home/john/software_debug/github/fault-localization-by-Comparing-Program-Coverage/xmlproc/xml/parsers/xmlproc/xmlutils.py:146	2.050000
/home/john/software_debug/github/fault-localization-by-Comparing-Program-Coverage/xmlproc/xml/parsers/xmlproc/xmlutils.py:343	2.050000
/home/john/software_debug/github/fault-localization-by-Comparing-Program-Coverage/xmlproc/xml/parsers/xmlproc/xmlapp.py:171	2.050000
/home/john/software_debug/github/fault-localization-by-Comparing-Program-Coverage/xmlproc/xml/parsers/xmlproc/xmlproc.py:356	2.050000
/home/john/software_debug/github/fault-localization-by-Comparing-Program-Coverage/xmlproc/xml/parsers/xmlproc/xmlutils.py:143	2.050000
/home/john/software_debug/github/fault-localization-by-Comparing-Program-Coverage/xmlproc/xml/parsers/xmlproc/xmldtd.py:22	2.050000
/home/john/software_debug/github/fault-localization-by-Comparing-Program-Coverage/xmlproc/xml/parsers/xmlproc/xmlutils.py:390	2.050000
/home/john/software_debug/github/fault-localization-by-Comparing-Program-Coverage/xmlproc/xml/parsers/xmlproc/xmlutils.py:351	2.050000
/home/john/software_debug/github/fault-localization-by-Comparing-Program-Coverage/xmlproc/xml/parsers/xmlproc/xmlutils.py:616	2.050000
/home/john/software_debug/github/fault-localization-by-Comparing-Program-Coverage/xmlproc/xml/parsers/xmlproc/xmlutils.py:564	2.050000
/home/john/software_debug/github/fault-localization-by-Comparing-Program-Coverage/xmlproc/xml/parsers/xmlproc/xmlapp.py:181	2.050000
/home/john/software_debug/github/fault-localization-by-Comparing-Program-Coverage/xmlproc/xml/parsers/xmlproc/xmlapp.py:49	2.050000
/home/john/software_debug/github/fault-localization-by-Comparing-Program-Coverage/xmlproc/xml/parsers/xmlproc/xmlproc.py:94	2.050000
/home/john/software_debug/github/fault-localization-by-Comparing-Program-Coverage/xmlproc/xml/parsers/xmlproc/xmlutils.py:449	2.050000
/home/john/software_debug/github/fault-localization-by-Comparing-Program-Coverage/xmlproc/xml/parsers/xmlproc/xmlutils.py:273	2.050000
/home/john/software_debug/github/fault-localization-by-Comparing-Program-Coverage/xmlproc/xml/parsers/xmlproc/xmlproc.py:160	2.050000
/home/john/software_debug/github/fault-localization-by-Comparing-Program-Coverage/xmlproc/xml/parsers/xmlproc/xmlproc.py:384	2.050000
/home/john/software_debug/github/fault-localization-by-Comparing-Program-Coverage/xmlproc/xml/parsers/xmlproc/xmlproc.py:375	2.050000
/home/john/software_debug/github/fault-localization-by-Comparing-Program-Coverage/xmlproc/xml/parsers/xmlproc/xmlproc.py:171	2.050000
/home/john/software_debug/github/fault-localization-by-Comparing-Program-Coverage/xmlproc/xml/parsers/xmlproc/xmlutils.py:509	2.050000
/home/john/software_debug/github/fault-localization-by-Comparing-Program-Coverage/xmlproc/xml/parsers/xmlproc/xmlproc.py:342	2.050000
/home/john/software_debug/github/fault-localization-by-Comparing-Program-Coverage/xmlproc/xml/parsers/xmlproc/xmlproc.py:34	2.050000
/home/john/software_debug/github/fault-localization-by-Comparing-Program-Coverage/xmlproc/xml/parsers/xmlproc/xmlproc.py:86	2.050000
/home/john/software_debug/github/fault-localization-by-Comparing-Program-Coverage/xmlproc/xml/parsers/xmlproc/xmlutils.py:441	2.050000
/home/john/software_debug/github/fault-localization-by-Comparing-Program-Coverage/xmlproc/xml/parsers/xmlproc/xmlproc.py:221	2.050000
/home/john/software_debug/github/fault-localization-by-Comparing-Program-Coverage/xmlproc/xml/parsers/xmlproc/xmlproc.py:184	2.050000
/home/john/software_debug/github/fault-localization-by-Comparing-Program-Coverage/xmlproc/xml/parsers/xmlproc/xmlutils.py:500	2.050000
/home/john/software_debug/github/fault-localization-by-Comparing-Program-Coverage/xmlproc/xml/parsers/xmlproc/xmlutils.py:178	2.050000
/home/john/software_debug/github/fault-localization-by-Comparing-Program-Coverage/xmlproc/xml/parsers/xmlproc/xmlproc.py:383	2.050000
/home/john/software_debug/github/fault-localization-by-Comparing-Program-Coverage/xmlproc/xml/parsers/xmlproc/xmlutils.py:149	2.050000
/home/john/software_debug/github/fault-localization-by-Comparing-Program-Coverage/xmlproc/xml/parsers/xmlproc/xmlproc.py:155	2.050000
/home/john/software_debug/github/fault-localization-by-Comparing-Program-Coverage/xmlproc/xml/parsers/xmlproc/xmldtd.py:127	2.050000
/home/john/software_debug/github/fault-localization-by-Comparing-Program-Coverage/xmlproc/xml/parsers/xmlproc/xmlutils.py:280	2.050000
/home/john/software_debug/github/fault-localization-by-Comparing-Program-Coverage/xmlproc/xml/parsers/xmlproc/xmlutils.py:624	2.050000
/home/john/software_debug/github/fault-localization-by-Comparing-Program-Coverage/xmlproc/xml/parsers/xmlproc/xmldtd.py:465	2.050000
/home/john/software_debug/github/fault-localization-by-Comparing-Program-Coverage/xmlproc/xml/parsers/xmlproc/xmlproc.py:29	2.050000
/home/john/software_debug/github/fault-localization-by-Comparing-Program-Coverage/xmlproc/xml/parsers/xmlproc/xmlutils.py:340	2.050000
/home/john/software_debug/github/fault-localization-by-Comparing-Program-Coverage/xmlproc/xml/parsers/xmlproc/xmlproc.py:205	2.050000
/home/john/software_debug/github/fault-localization-by-Comparing-Program-Coverage/xmlproc/xml/parsers/xmlproc/xmlutils.py:165	2.050000
/home/john/software_debug/github/fault-localization-by-Comparing-Program-Coverage/xmlproc/xml/parsers/xmlproc/xmlapp.py:51	2.050000
/home/john/software_debug/github/fault-localization-by-Comparing-Program-Coverage/xmlproc/xml/parsers/xmlproc/xmlproc.py:485	2.050000
/home/john/software_debug/github/fault-localization-by-Comparing-Program-Coverage/xmlproc/xml/parsers/xmlproc/xmlutils.py:239	2.050000
/home/john/software_debug/github/fault-localization-by-Comparing-Program-Coverage/xmlproc/xml/parsers/xmlproc/xmlproc.py:172	2.050000
/home/john/software_debug/github/fault-localization-by-Comparing-Program-Coverage/xmlproc/xml/parsers/xmlproc/xmlproc.py:53	2.050000
/home/john/software_debug/github/fault-localization-by-Comparing-Program-Coverage/xmlproc/xml/parsers/xmlproc/xmlutils.py:391	2.050000
/home/john/software_debug/github/fault-localization-by-Comparing-Program-Coverage/xmlproc/xml/parsers/xmlproc/xmlutils.py:619	2.050000
/home/john/software_debug/github/fault-localization-by-Comparing-Program-Coverage/xmlproc/outputters.py:27	2.050000
/home/john/software_debug/github/fault-localization-by-Comparing-Program-Coverage/xmlproc/xml/parsers/xmlproc/xmlutils.py:565	2.050000
/home/john/software_debug/github/fault-localization-by-Comparing-Program-Coverage/xmlproc/xml/parsers/xmlproc/xmldtd.py:30	2.050000
/home/john/software_debug/github/fault-localization-by-Comparing-Program-Coverage/xmlproc/xml/parsers/xmlproc/xmlproc.py:100	2.050000
/home/john/software_debug/github/fault-localization-by-Comparing-Program-Coverage/xmlproc/xml/parsers/xmlproc/xmlutils.py:271	2.050000
/home/john/software_debug/github/fault-localization-by-Comparing-Program-Coverage/xmlproc/xml/parsers/xmlproc/xmlutils.py:320	2.050000
/home/john/software_debug/github/fault-localization-by-Comparing-Program-Coverage/xmlproc/xml/parsers/xmlproc/xmlproc.py:493	2.050000
/home/john/software_debug/github/fault-localization-by-Comparing-Program-Coverage/xmlproc/xml/parsers/xmlproc/xmlutils.py:448	2.050000
/home/john/software_debug/github/fault-localization-by-Comparing-Program-Coverage/xmlproc/xml/parsers/xmlproc/xmlutils.py:279	2.050000
/home/john/software_debug/github/fault-localization-by-Comparing-Program-Coverage/xmlproc/xml/parsers/xmlproc/xmlproc.py:163	2.050000
/home/john/software_debug/github/fault-localization-by-Comparing-Program-Coverage/xmlproc/xml/parsers/xmlproc/xmlutils.py:289	2.050000
/home/john/software_debug/github/fault-localization-by-Comparing-Program-Coverage/xmlproc/xml/parsers/xmlproc/xmlutils.py:181	2.050000
/home/john/software_debug/github/fault-localization-by-Comparing-Program-Coverage/xmlproc/xml/parsers/xmlproc/xmlutils.py:262	2.050000
/home/john/software_debug/github/fault-localization-by-Comparing-Program-Coverage/xmlproc/xml/parsers/xmlproc/xmlutils.py:508	2.050000
/home/john/software_debug/github/fault-localization-by-Comparing-Program-Coverage/xmlproc/xml/parsers/xmlproc/xmlproc.py:343	2.050000
/home/john/software_debug/github/fault-localization-by-Comparing-Program-Coverage/xmlproc/xml/parsers/xmlproc/xmlproc.py:37	2.050000
/home/john/software_debug/github/fault-localization-by-Comparing-Program-Coverage/xmlproc/xml/parsers/xmlproc/xmldtd.py:111	2.050000
/home/john/software_debug/github/fault-localization-by-Comparing-Program-Coverage/xmlproc/xml/parsers/xmlproc/xmlapp.py:43	2.050000
/home/john/software_debug/github/fault-localization-by-Comparing-Program-Coverage/xmlproc/xml/parsers/xmlproc/xmlproc.py:476	2.050000
/home/john/software_debug/github/fault-localization-by-Comparing-Program-Coverage/xmlproc/xml/parsers/xmlproc/xmlproc.py:220	2.050000
/home/john/software_debug/github/fault-localization-by-Comparing-Program-Coverage/xmlproc/xml/parsers/xmlproc/xmlutils.py:516	2.050000
/home/john/software_debug/github/fault-localization-by-Comparing-Program-Coverage/xmlproc/xml/parsers/xmlproc/xmlutils.py:287	2.050000
/home/john/software_debug/github/fault-localization-by-Comparing-Program-Coverage/xmlproc/xml/parsers/xmlproc/xmlproc.py:187	2.050000
/home/john/software_debug/github/fault-localization-by-Comparing-Program-Coverage/xmlproc/xml/parsers/xmlproc/xmlutils.py:310	2.050000
/home/john/software_debug/github/fault-localization-by-Comparing-Program-Coverage/xmlproc/xml/parsers/xmlproc/xmlapp.py:71	2.050000
/home/john/software_debug/github/fault-localization-by-Comparing-Program-Coverage/xmlproc/xml/parsers/xmlproc/xmlproc.py:382	2.050000
/home/john/software_debug/github/fault-localization-by-Comparing-Program-Coverage/xmlproc/xml/parsers/xmlproc/xmlutils.py:484	2.050000
/home/john/software_debug/github/fault-localization-by-Comparing-Program-Coverage/xmlproc/xml/parsers/xmlproc/xmlproc.py:509	2.050000
/home/john/software_debug/github/fault-localization-by-Comparing-Program-Coverage/xmlproc/xml/parsers/xmlproc/xmlutils.py:26	2.050000
/home/john/software_debug/github/fault-localization-by-Comparing-Program-Coverage/xmlproc/xml/parsers/xmlproc/xmlutils.py:137	2.050000
/home/john/software_debug/github/fault-localization-by-Comparing-Program-Coverage/xmlproc/getcov.py:56	2.050000
/home/john/software_debug/github/fault-localization-by-Comparing-Program-Coverage/xmlproc/xml/parsers/xmlproc/xmlutils.py:35	2.050000
/home/john/software_debug/github/fault-localization-by-Comparing-Program-Coverage/xmlproc/xml/parsers/xmlproc/xmlapp.py:108	2.050000
/home/john/software_debug/github/fault-localization-by-Comparing-Program-Coverage/xmlproc/xml/parsers/xmlproc/xmlproc.py:179	2.050000
/home/john/software_debug/github/fault-localization-by-Comparing-Program-Coverage/xmlproc/xml/parsers/xmlproc/xmldtd.py:466	2.050000
/home/john/software_debug/github/fault-localization-by-Comparing-Program-Coverage/xmlproc/xml/parsers/xmlproc/xmlutils.py:34	2.050000
/home/john/software_debug/github/fault-localization-by-Comparing-Program-Coverage/xmlproc/xml/parsers/xmlproc/xmlproc.py:482	2.050000
/home/john/software_debug/github/fault-localization-by-Comparing-Program-Coverage/xmlproc/xml/parsers/xmlproc/xmlproc.py:358	2.050000
/home/john/software_debug/github/fault-localization-by-Comparing-Program-Coverage/xmlproc/xml/parsers/xmlproc/xmlproc.py:76	2.050000
/home/john/software_debug/github/fault-localization-by-Comparing-Program-Coverage/xmlproc/xml/parsers/xmlproc/xmlapp.py:169	2.050000
/home/john/software_debug/github/fault-localization-by-Comparing-Program-Coverage/xmlproc/xml/parsers/xmlproc/xmlutils.py:156	2.050000
/home/john/software_debug/github/fault-localization-by-Comparing-Program-Coverage/xmlproc/xml/parsers/xmlproc/xmlutils.py:341	2.050000
/home/john/software_debug/github/fault-localization-by-Comparing-Program-Coverage/xmlproc/xml/parsers/xmlproc/xmlproc.py:146	2.050000
/home/john/software_debug/github/fault-localization-by-Comparing-Program-Coverage/xmlproc/xml/parsers/xmlproc/xmlapp.py:173	2.050000
/home/john/software_debug/github/fault-localization-by-Comparing-Program-Coverage/xmlproc/xml/parsers/xmlproc/xmlapp.py:23	2.050000
/home/john/software_debug/github/fault-localization-by-Comparing-Program-Coverage/xmlproc/xml/parsers/xmlproc/xmlapp.py:179	2.050000
/home/john/software_debug/github/fault-localization-by-Comparing-Program-Coverage/xmlproc/xml/parsers/xmlproc/xmlutils.py:388	2.050000
/home/john/software_debug/github/fault-localization-by-Comparing-Program-Coverage/xmlproc/xml/parsers/xmlproc/xmlproc.py:335	2.050000
/home/john/software_debug/github/fault-localization-by-Comparing-Program-Coverage/xmlproc/xml/parsers/xmlproc/xmlutils.py:618	2.050000
/home/john/software_debug/github/fault-localization-by-Comparing-Program-Coverage/xmlproc/xml/parsers/xmlproc/xmlutils.py:45	2.050000
/home/john/software_debug/github/fault-localization-by-Comparing-Program-Coverage/xmlproc/xml/parsers/xmlproc/xmlutils.py:294	2.050000
/home/john/software_debug/github/fault-localization-by-Comparing-Program-Coverage/xmlproc/xml/parsers/xmlproc/xmldtd.py:31	2.050000
/home/john/software_debug/github/fault-localization-by-Comparing-Program-Coverage/xmlproc/xml/parsers/xmlproc/xmlapp.py:177	2.050000
/home/john/software_debug/github/fault-localization-by-Comparing-Program-Coverage/xmlproc/xml/parsers/xmlproc/xmlproc.py:101	2.050000
/home/john/software_debug/github/fault-localization-by-Comparing-Program-Coverage/xmlproc/xml/parsers/xmlproc/xmlutils.py:503	2.050000
/home/john/software_debug/github/fault-localization-by-Comparing-Program-Coverage/xmlproc/xml/parsers/xmlproc/xmlutils.py:321	2.050000
/home/john/software_debug/github/fault-localization-by-Comparing-Program-Coverage/xmlproc/xml/parsers/xmlproc/xmlproc.py:498	2.050000
/home/john/software_debug/github/fault-localization-by-Comparing-Program-Coverage/xmlproc/xml/parsers/xmlproc/xmlapp.py:24	2.050000
/home/john/software_debug/github/fault-localization-by-Comparing-Program-Coverage/xmlproc/xml/parsers/xmlproc/xmlproc.py:92	2.050000
/home/john/software_debug/github/fault-localization-by-Comparing-Program-Coverage/xmlproc/xml/parsers/xmlproc/xmlutils.py:447	2.050000
/home/john/software_debug/github/fault-localization-by-Comparing-Program-Coverage/xmlproc/xml/parsers/xmlproc/xmlutils.py:275	2.050000
/home/john/software_debug/github/fault-localization-by-Comparing-Program-Coverage/xmlproc/xml/parsers/xmlproc/xmlutils.py:610	2.050000
/home/john/software_debug/github/fault-localization-by-Comparing-Program-Coverage/xmlproc/xml/parsers/xmlproc/xmlapp.py:224	2.050000
/home/john/software_debug/github/fault-localization-by-Comparing-Program-Coverage/xmlproc/xml/parsers/xmlproc/xmlapp.py:146	2.050000
/home/john/software_debug/github/fault-localization-by-Comparing-Program-Coverage/xmlproc/xml/parsers/xmlproc/xmlutils.py:47	2.050000
/home/john/software_debug/github/fault-localization-by-Comparing-Program-Coverage/xmlproc/xml/parsers/xmlproc/xmlproc.py:67	2.050000
/home/john/software_debug/github/fault-localization-by-Comparing-Program-Coverage/xmlproc/xml/parsers/xmlproc/xmlutils.py:405	2.050000
/home/john/software_debug/github/fault-localization-by-Comparing-Program-Coverage/xmlproc/xml/parsers/xmlproc/xmlutils.py:261	2.050000
/home/john/software_debug/github/fault-localization-by-Comparing-Program-Coverage/xmlproc/xml/parsers/xmlproc/xmlutils.py:511	2.050000
/home/john/software_debug/github/fault-localization-by-Comparing-Program-Coverage/xmlproc/xml/parsers/xmlproc/xmlproc.py:36	2.050000
/home/john/software_debug/github/fault-localization-by-Comparing-Program-Coverage/xmlproc/xml/parsers/xmlproc/xmlproc.py:157	2.050000
/home/john/software_debug/github/fault-localization-by-Comparing-Program-Coverage/xmlproc/xml/parsers/xmlproc/xmlproc.py:84	2.050000
/home/john/software_debug/github/fault-localization-by-Comparing-Program-Coverage/xmlproc/xml/parsers/xmlproc/xmldtd.py:36	2.050000
/home/john/software_debug/github/fault-localization-by-Comparing-Program-Coverage/xmlproc/xml/parsers/xmlproc/xmlapp.py:107	2.050000
/home/john/software_debug/github/fault-localization-by-Comparing-Program-Coverage/xmlproc/xml/parsers/xmlproc/xmlproc.py:344	2.050000
/home/john/software_debug/github/fault-localization-by-Comparing-Program-Coverage/xmlproc/xml/parsers/xmlproc/xmlutils.py:65	2.050000
/home/john/software_debug/github/fault-localization-by-Comparing-Program-Coverage/xmlproc/xml/parsers/xmlproc/xmlutils.py:556	2.050000
/home/john/software_debug/github/fault-localization-by-Comparing-Program-Coverage/xmlproc/xml/parsers/xmlproc/xmlproc.py:377	2.050000
/home/john/software_debug/github/fault-localization-by-Comparing-Program-Coverage/xmlproc/xml/parsers/xmlproc/xmlutils.py:463	2.050000
/home/john/software_debug/github/fault-localization-by-Comparing-Program-Coverage/xmlproc/xml/parsers/xmlproc/xmlproc.py:75	2.050000
/home/john/software_debug/github/fault-localization-by-Comparing-Program-Coverage/xmlproc/xml/parsers/xmlproc/xmlutils.py:174	2.050000
/home/john/software_debug/github/fault-localization-by-Comparing-Program-Coverage/xmlproc/xml/parsers/xmlproc/xmlutils.py:151	2.050000
/home/john/software_debug/github/fault-localization-by-Comparing-Program-Coverage/xmlproc/xml/parsers/xmlproc/xmlutils.py:136	2.050000
/home/john/software_debug/github/fault-localization-by-Comparing-Program-Coverage/xmlproc/xml/parsers/xmlproc/xmlproc.py:149	2.050000
/home/john/software_debug/github/fault-localization-by-Comparing-Program-Coverage/xmlproc/xml/parsers/xmlproc/xmlproc.py:211	2.050000
/home/john/software_debug/github/fault-localization-by-Comparing-Program-Coverage/xmlproc/xml/parsers/xmlproc/xmlutils.py:626	2.050000
/home/john/software_debug/github/fault-localization-by-Comparing-Program-Coverage/xmlproc/xml/parsers/xmlproc/xmldtd.py:467	2.050000
/home/john/software_debug/github/fault-localization-by-Comparing-Program-Coverage/xmlproc/xml/parsers/xmlproc/errors.py:14	2.050000
/home/john/software_debug/github/fault-localization-by-Comparing-Program-Coverage/xmlproc/xml/parsers/xmlproc/xmlproc.py:483	2.050000
/home/john/software_debug/github/fault-localization-by-Comparing-Program-Coverage/xmlproc/xml/parsers/xmlproc/xmlapp.py:168	2.050000
/home/john/software_debug/github/fault-localization-by-Comparing-Program-Coverage/xmlproc/xml/parsers/xmlproc/xmlutils.py:159	2.050000
/home/john/software_debug/github/fault-localization-by-Comparing-Program-Coverage/xmlproc/xml/parsers/xmlproc/xmlutils.py:338	2.050000
/home/john/software_debug/github/fault-localization-by-Comparing-Program-Coverage/xmlproc/xml/parsers/xmlproc/xmlutils.py:167	2.050000
/home/john/software_debug/github/fault-localization-by-Comparing-Program-Coverage/xmlproc/xml/parsers/xmlproc/xmlproc.py:30	2.050000
/home/john/software_debug/github/fault-localization-by-Comparing-Program-Coverage/xmlproc/xml/parsers/xmlproc/xmlutils.py:470	2.050000
/home/john/software_debug/github/fault-localization-by-Comparing-Program-Coverage/xmlproc/xml/parsers/xmlproc/xmlproc.py:98	2.050000
/home/john/software_debug/github/fault-localization-by-Comparing-Program-Coverage/xmlproc/xml/parsers/xmlproc/xmlproc.py:491	2.050000
/home/john/software_debug/github/fault-localization-by-Comparing-Program-Coverage/xmlproc/xml/parsers/xmlproc/xmlutils.py:393	2.050000
/home/john/software_debug/github/fault-localization-by-Comparing-Program-Coverage/xmlproc/xml/parsers/xmlproc/xmlproc.py:361	2.050000
/home/john/software_debug/github/fault-localization-by-Comparing-Program-Coverage/xmlproc/xml/parsers/xmlproc/xmlproc.py:332	2.050000
/home/john/software_debug/github/fault-localization-by-Comparing-Program-Coverage/xmlproc/xml/parsers/xmlproc/xmlutils.py:613	2.050000
/home/john/software_debug/github/fault-localization-by-Comparing-Program-Coverage/xmlproc/outputters.py:59	2.050000
/home/john/software_debug/github/fault-localization-by-Comparing-Program-Coverage/xmlproc/xml/parsers/xmlproc/xmlutils.py:295	2.050000
/home/john/software_debug/github/fault-localization-by-Comparing-Program-Coverage/xmlproc/xml/parsers/xmlproc/xmlutils.py:312	2.050000
/home/john/software_debug/github/fault-localization-by-Comparing-Program-Coverage/xmlproc/xml/parsers/xmlproc/xmlutils.py:563	2.050000
/home/john/software_debug/github/fault-localization-by-Comparing-Program-Coverage/xmlproc/xml/parsers/xmlproc/xmlutils.py:175	2.050000
/home/john/software_debug/github/fault-localization-by-Comparing-Program-Coverage/xmlproc/xml/parsers/xmlproc/xmlproc.py:194	2.050000
/home/john/software_debug/github/fault-localization-by-Comparing-Program-Coverage/xmlproc/xml/parsers/xmlproc/xmlutils.py:402	2.050000
/home/john/software_debug/github/fault-localization-by-Comparing-Program-Coverage/xmlproc/xml/parsers/xmlproc/xmlutils.py:502	2.050000
/home/john/software_debug/github/fault-localization-by-Comparing-Program-Coverage/xmlproc/xml/parsers/xmlproc/xmlutils.py:491	2.050000
/home/john/software_debug/github/fault-localization-by-Comparing-Program-Coverage/xmlproc/xml/parsers/xmlproc/xmlutils.py:245	2.050000
/home/john/software_debug/github/fault-localization-by-Comparing-Program-Coverage/xmlproc/xml/parsers/xmlproc/xmlproc.py:42	2.050000
/home/john/software_debug/github/fault-localization-by-Comparing-Program-Coverage/xmlproc/xml/parsers/xmlproc/xmlproc.py:93	2.050000
/home/john/software_debug/github/fault-localization-by-Comparing-Program-Coverage/xmlproc/xml/parsers/xmlproc/xmlutils.py:277	2.050000
/home/john/software_debug/github/fault-localization-by-Comparing-Program-Coverage/xmlproc/xml/parsers/xmlproc/xmlapp.py:227	2.050000
/home/john/software_debug/github/fault-localization-by-Comparing-Program-Coverage/xmlproc/xml/parsers/xmlproc/xmldtd.py:129	2.050000
/home/john/software_debug/github/fault-localization-by-Comparing-Program-Coverage/xmlproc/xml/parsers/xmlproc/xmlapp.py:145	2.050000
/home/john/software_debug/github/fault-localization-by-Comparing-Program-Coverage/xmlproc/xml/parsers/xmlproc/xmlutils.py:571	2.050000
/home/john/software_debug/github/fault-localization-by-Comparing-Program-Coverage/xmlproc/xml/parsers/xmlproc/xmlutils.py:183	2.050000
/home/john/software_debug/github/fault-localization-by-Comparing-Program-Coverage/xmlproc/xml/parsers/xmlproc/xmlutils.py:553	2.050000
/home/john/software_debug/github/fault-localization-by-Comparing-Program-Coverage/xmlproc/xml/parsers/xmlproc/xmlproc.py:66	2.050000
/home/john/software_debug/github/fault-localization-by-Comparing-Program-Coverage/xmlproc/xml/parsers/xmlproc/xmlproc.py:114	2.050000
/home/john/software_debug/github/fault-localization-by-Comparing-Program-Coverage/xmlproc/xml/parsers/xmlproc/xmlutils.py:260	2.050000
/home/john/software_debug/github/fault-localization-by-Comparing-Program-Coverage/xmlproc/xml/parsers/xmlproc/xmlproc.py:341	2.050000
/home/john/software_debug/github/fault-localization-by-Comparing-Program-Coverage/xmlproc/xml/parsers/xmlproc/xmlutils.py:253	2.050000
/home/john/software_debug/github/fault-localization-by-Comparing-Program-Coverage/xmlproc/xml/parsers/xmlproc/xmlutils.py:617	2.050000
/home/john/software_debug/github/fault-localization-by-Comparing-Program-Coverage/xmlproc/xml/parsers/xmlproc/xmlutils.py:330	2.050000
/home/john/software_debug/github/fault-localization-by-Comparing-Program-Coverage/xmlproc/xml/parsers/xmlproc/xmlproc.py:156	2.050000
/home/john/software_debug/github/fault-localization-by-Comparing-Program-Coverage/xmlproc/xml/parsers/xmlproc/xmlproc.py:85	2.050000
/home/john/software_debug/github/fault-localization-by-Comparing-Program-Coverage/xmlproc/xml/parsers/xmlproc/xmldtd.py:37	2.050000
/home/john/software_debug/github/fault-localization-by-Comparing-Program-Coverage/xmlproc/xml/parsers/xmlproc/xmlutils.py:285	2.050000
/home/john/software_debug/github/fault-localization-by-Comparing-Program-Coverage/xmlproc/xml/parsers/xmlproc/xmlutils.py:141	2.050000
/home/john/software_debug/github/fault-localization-by-Comparing-Program-Coverage/xmlproc/xml/parsers/xmlproc/xmlproc.py:74	2.050000
/home/john/software_debug/github/fault-localization-by-Comparing-Program-Coverage/xmlproc/xml/parsers/xmlproc/xmlutils.py:150	2.050000
/home/john/software_debug/github/fault-localization-by-Comparing-Program-Coverage/xmlproc/xml/parsers/xmlproc/xmlproc.py:148	2.050000
/home/john/software_debug/github/fault-localization-by-Comparing-Program-Coverage/xmlproc/xml/parsers/xmlproc/xmlutils.py:627	2.050000
/home/john/software_debug/github/fault-localization-by-Comparing-Program-Coverage/xmlproc/xml/parsers/xmlproc/xmlproc.py:210	2.050000
/home/john/software_debug/github/fault-localization-by-Comparing-Program-Coverage/xmlproc/xml/parsers/xmlproc/xmlutils.py:480	2.050000
/home/john/software_debug/github/fault-localization-by-Comparing-Program-Coverage/xmlproc/xml/parsers/xmlproc/xmlapp.py:175	2.050000
/home/john/software_debug/github/fault-localization-by-Comparing-Program-Coverage/xmlproc/xml/parsers/xmlproc/xmldtd.py:93	2.050000
/home/john/software_debug/github/fault-localization-by-Comparing-Program-Coverage/xmlproc/xml/parsers/xmlproc/errors.py:15	2.050000
/home/john/software_debug/github/fault-localization-by-Comparing-Program-Coverage/xmlproc/xml/parsers/xmlproc/xmlutils.py:72	2.050000
/home/john/software_debug/github/fault-localization-by-Comparing-Program-Coverage/xmlproc/xml/parsers/xmlproc/xmlutils.py:332	2.050000
/home/john/software_debug/github/fault-localization-by-Comparing-Program-Coverage/xmlproc/xml/parsers/xmlproc/xmlutils.py:158	2.050000
/home/john/software_debug/github/fault-localization-by-Comparing-Program-Coverage/xmlproc/xml/parsers/xmlproc/xmlutils.py:461	2.050000
/home/john/software_debug/github/fault-localization-by-Comparing-Program-Coverage/xmlproc/xml/parsers/xmlproc/xmlutils.py:339	2.050000
/home/john/software_debug/github/fault-localization-by-Comparing-Program-Coverage/xmlproc/xml/parsers/xmlproc/xmlutils.py:620	2.050000
/home/john/software_debug/github/fault-localization-by-Comparing-Program-Coverage/xmlproc/xml/parsers/xmlproc/xmlutils.py:166	2.050000
/home/john/software_debug/github/fault-localization-by-Comparing-Program-Coverage/xmlproc/xml/parsers/xmlproc/xmlproc.py:197	2.050000
/home/john/software_debug/github/fault-localization-by-Comparing-Program-Coverage/xmlproc/xml/parsers/xmlproc/xmlutils.py:465	2.050000
/home/john/software_debug/github/fault-localization-by-Comparing-Program-Coverage/xmlproc/xml/parsers/xmlproc/xmlproc.py:488	2.050000
/home/john/software_debug/github/fault-localization-by-Comparing-Program-Coverage/xmlproc/xml/parsers/xmlproc/xmlproc.py:360	2.050000
/home/john/software_debug/github/fault-localization-by-Comparing-Program-Coverage/xmlproc/xml/parsers/xmlproc/xmlproc.py:90	2.050000
/home/john/software_debug/github/fault-localization-by-Comparing-Program-Coverage/xmlproc/xml/parsers/xmlproc/xmlproc.py:333	2.050000
/home/john/software_debug/github/fault-localization-by-Comparing-Program-Coverage/xmlproc/xml/parsers/xmlproc/xmlutils.py:127	2.050000
/home/john/software_debug/github/fault-localization-by-Comparing-Program-Coverage/xmlproc/xml/parsers/xmlproc/xmlproc.py:164	2.050000
/home/john/software_debug/github/fault-localization-by-Comparing-Program-Coverage/xmlproc/outputters.py:24	2.050000
/home/john/software_debug/github/fault-localization-by-Comparing-Program-Coverage/xmlproc/outputters.py:25	2.050000
/home/john/software_debug/github/fault-localization-by-Comparing-Program-Coverage/xmlproc/xml/parsers/xmlproc/xmldtd.py:29	2.050000
/home/john/software_debug/github/fault-localization-by-Comparing-Program-Coverage/xmlproc/getcov.py:51	2.050000
/home/john/software_debug/github/fault-localization-by-Comparing-Program-Coverage/xmlproc/xml/parsers/xmlproc/xmlutils.py:497	2.050000
/home/john/software_debug/github/fault-localization-by-Comparing-Program-Coverage/xmlproc/xml/parsers/xmlproc/xmlutils.py:244	2.050000
/home/john/software_debug/github/fault-localization-by-Comparing-Program-Coverage/xmlproc/xml/parsers/xmlproc/xmlutils.py:505	2.050000
/home/john/software_debug/github/fault-localization-by-Comparing-Program-Coverage/xmlproc/xml/parsers/xmlproc/xmlproc.py:41	2.050000
/home/john/software_debug/github/fault-localization-by-Comparing-Program-Coverage/xmlproc/xml/parsers/xmlproc/xmlproc.py:82	2.050000
/home/john/software_debug/github/fault-localization-by-Comparing-Program-Coverage/xmlproc/xml/parsers/xmlproc/xmlutils.py:445	2.050000
/home/john/software_debug/github/fault-localization-by-Comparing-Program-Coverage/xmlproc/xml/parsers/xmlproc/xmlproc.py:225	2.050000
/home/john/software_debug/github/fault-localization-by-Comparing-Program-Coverage/xmlproc/xml/parsers/xmlproc/xmlutils.py:537	2.050000
/home/john/software_debug/github/fault-localization-by-Comparing-Program-Coverage/xmlproc/xml/parsers/xmlproc/xmldtd.py:128	2.050000
/home/john/software_debug/github/fault-localization-by-Comparing-Program-Coverage/xmlproc/xml/parsers/xmlproc/xmlutils.py:182	2.050000
/home/john/software_debug/github/fault-localization-by-Comparing-Program-Coverage/xmlproc/xml/parsers/xmlproc/xmlproc.py:515	2.050000
/home/john/software_debug/github/fault-localization-by-Comparing-Program-Coverage/xmlproc/xml/parsers/xmlproc/xmlproc.py:371	2.050000
/home/john/software_debug/github/fault-localization-by-Comparing-Program-Coverage/xmlproc/xml/parsers/xmlproc/xmlproc.py:65	2.050000
/home/john/software_debug/github/fault-localization-by-Comparing-Program-Coverage/xmlproc/xml/parsers/xmlproc/xmlutils.py:173	2.050000
/home/john/software_debug/github/fault-localization-by-Comparing-Program-Coverage/xmlproc/xml/parsers/xmlproc/xmlutils.py:31	2.050000
/home/john/software_debug/github/fault-localization-by-Comparing-Program-Coverage/xmlproc/xml/parsers/xmlproc/xmlutils.py:252	2.050000
